name,faculty,group,gpa
Alebyvufo Ubuxybi,Teapotting,236,4.78
Obis Iqomobudez,Pentest,230,8.92
Eguvygowy Ipihi,Reverse,253,7.89
Oxixuxuk Oky,Cybersec,231,4.33
Esew Ohucoly,Cybersec,242,6.44
Ewuqesolo Agafawo,Pwn,230,7.75
Ija Aduwidolyl,Reverse,255,4.35
Abuluri Eno,Pwn,240,8.86
Upucemy Ahaka,Teapotting,256,9.34
Esokabizi Imusulaxuw,Pentest,257,8.68
Iguq Azy,Teapotting,240,4.02
Idyzof Aqan,Reverse,204,7.36
Aqi Ukirupo,Forensics,240,6.66
Uwubudo Abo,Pentest,218,5.87
Oduhokifym Ypyfitujy,Cybersec,234,9.43
Acemy Apegy,Reverse,218,7.89
Yvepyboti Ulobi,Forensics,229,7.86
Ylijuby Unefo,Teapotting,234,7.91
Ejoj Epupudy,Cybersec,248,8.89
Ifidycaj Ybyvohej,Pwn,225,4.05
Ubonugy Ekac,Teapotting,258,8.8
Ipevi Odexidaj,Forensics,209,4.4
Yne Ynokop,Reverse,243,7.33
Ysyzov Atakopukeq,Teapotting,253,7.11
Ugidosa Elihamomum,Reverse,224,9.92
Yla Ozidel,Forensics,256,7.15
Ara Ikaz,Teapotting,257,7.77
Etoxizy Azonesag,Pentest,230,7.73
Ipekyduf Oxekasin,Forensics,210,8.8
Egoko Uzapuwuga,Cybersec,203,8.45
Agitafej Ebozotyn,Reverse,237,5.33
Akikyrap Ysypy,Pwn,235,7.7
Epiquvywu Uhu,Forensics,236,5.87
Anobaduq Upupama,Forensics,218,7.94
Oniqe Afevujevyq,Cybersec,233,8.86
Ovaximihaj Ewolyzedip,Cybersec,253,5.6
Ygaxyl Ysufesysuf,Pwn,201,8.86
Ijyryzimat Yjamifo,Cybersec,202,4.25
Ifoduxegas Iryta,Teapotting,236,5.12
Yferofi Oqynu,Forensics,255,9.06
Yqisohiqel Yheceb,Pentest,232,6.47
Ojerud Orycumy,Cybersec,258,7.36
Epefabyqi Epam,Cybersec,257,6.32
Ukuw Idomero,Pwn,217,6.28
Omywymug Imyn,Teapotting,253,8.15
Abykum Ubyke,Teapotting,226,7.2
Egezat Ewozoze,Teapotting,236,9.31
Ilixogixet Ofohonu,Cybersec,239,4.05
Ukaxizyha Ogov,Cybersec,205,9.85
Icu Iliqyruw,Pentest,251,8.09
Usa Uxabatal,Forensics,247,5.62
Oxobicaz Axu,Reverse,231,9.0
Ikimok Enydole,Teapotting,241,4.51
Alizi Ekehyl,Pentest,223,5.14
Utut Ovyki,Cybersec,230,5.12
Ihidohokub Abyrufir,Cybersec,225,5.96
Akyd Azit,Pentest,240,4.88
Anim Ejojolaw,Cybersec,259,9.82
Yxaweza Ixoxigis,Reverse,222,9.48
Ucyxysyfuk Ahytu,Forensics,253,8.08
Iqurujo Idumok,Pentest,260,9.6
Asegunak Ivyjulah,Forensics,250,6.97
Itoroqasoj Ofycuby,Cybersec,210,4.86
Yrod Inu,Reverse,205,6.2
Asipe Afuzywef,Forensics,254,4.35
Edu Uhibabo,Cybersec,220,6.53
Oqy Icafow,Reverse,206,9.17
Erunuceja Ojer,Reverse,248,4.17
Ubacybaf Uravyvequ,Cybersec,204,8.21
Efa Ezalymanoh,Forensics,223,9.37
Ejubewaju Inynuvihe,Forensics,206,9.51
Ybabu Opapa,Cybersec,233,7.63
Aqecirel Otixifyb,Pentest,200,8.37
Ejit Ewokunynu,Pentest,238,8.74
Edetixy Igovydu,Pentest,240,4.16
Aqagonibec Acyju,Forensics,223,6.21
Ugofej Ivyfuj,Pentest,227,7.88
Ubog Atagemix,Pwn,238,9.16
Elupacow Ysetirif,Pwn,250,4.11
Ykagykopi Idaleka,Pwn,233,6.83
Elek Ibogodu,Cybersec,207,4.5
Abibe Iqumogo,Forensics,247,8.22
Ota Ysimily,Teapotting,205,8.7
Yfyw Epeqazudi,Forensics,243,7.91
Aho Uliguraxox,Teapotting,225,4.02
Efilik Anokanu,Teapotting,227,5.77
Ycojyzub Ewy,Pwn,250,4.98
Ejewuk Ifebexe,Pwn,235,6.98
Yjicuci Ytupykyqe,Pentest,229,9.04
Ekufiti Isod,Teapotting,243,9.79
Oxy Oly,Pentest,209,7.19
Ilep Oqebap,Forensics,231,6.75
Ukylip Ipubyv,Cybersec,226,4.15
Ovujy Ovuvanut,Forensics,215,8.19
Afiz Awa,Cybersec,208,6.57
Uxiduh Uwyko,Reverse,215,9.2
Ybalyfatu Ewypowa,Cybersec,241,4.55
Ybywas Uhimyf,Pentest,200,5.58
Isozun Egysepy,Cybersec,224,7.09
Edyju Ymuv,Reverse,239,6.93
Acevo Ybadup,Pentest,226,6.45
Opyga Ykirumyqa,Pwn,235,7.83
Aqomegatoc Ixe,Forensics,250,6.79
Opo Exeg,Pwn,245,7.4
Etyrofyr Ora,Cybersec,228,8.35
Yboc Yketalip,Pentest,209,4.41
Ukyq Ykomivab,Teapotting,255,9.95
Okavewoka Egygeg,Pwn,216,7.1
Asitetibyb Atizocygip,Pwn,243,6.62
Atuceqy Ugy,Reverse,210,5.19
Ecugiqo Ufaby,Cybersec,218,6.38
Avony Efiv,Pentest,214,9.42
Ywe Omifudy,Teapotting,233,7.57
Ysoveqola Azaqi,Teapotting,219,4.78
Ahatozo Etewela,Reverse,256,8.84
Epesytahym Iqez,Forensics,223,9.41
Ibubuqateq Agixopehom,Pentest,258,7.53
Ydigisuzul Yvudybatys,Pentest,230,6.77
Ykividy Oqoz,Forensics,229,6.11
Owyluq Ybirufymo,Pentest,226,4.41
Ofo Iqepamyg,Cybersec,231,4.66
Oqigos Umavylo,Cybersec,235,8.34
Onasy Icototejo,Pwn,204,6.59
Oragimage Ocez,Teapotting,240,4.45
Erilaf Oxusywuzu,Teapotting,210,8.26
Yryqarary Ylegyxuku,Pwn,220,5.23
Ecuhelyl Uposa,Cybersec,226,4.82
Umepohi Imomolip,Forensics,218,9.96
Onuto Ysozipese,Forensics,200,7.72
Imuloqa Asojafaro,Pentest,252,7.77
Ygopojyhad Icitypozy,Reverse,255,8.47
Ezuf Atuwo,Forensics,234,7.06
Opoguv Omoxetirak,Pwn,246,4.95
Eruqaqeso Ewinuka,Forensics,238,9.94
Etahebyke Uqub,Reverse,211,6.81
Itusu Ekuziz,Forensics,259,9.32
Ajazys Alaz,Pwn,215,6.27
Yxes Orufutyx,Forensics,226,4.71
Idepe Irujikecyx,Forensics,221,6.82
Ygiqykurox Acavem,Reverse,211,5.37
Yqehija Oxowibo,Pentest,202,9.81
Enupizi Yjigowy,Pwn,217,7.46
Otecyno Efetej,Reverse,232,9.62
Oqapyqi Usepyh,Cybersec,243,9.43
Yhy Eqisavu,Cybersec,249,5.97
Ogewu Ehy,Pentest,239,4.44
Ecibuby Ybe,Cybersec,221,6.1
Osexohak Ajydyd,Teapotting,237,5.16
Isipesad Oxuwed,Teapotting,243,4.32
Ijyw Ewuz,Pwn,200,6.94
Utyteb Ameqygod,Teapotting,252,5.53
Izeka Yjuluduq,Reverse,255,6.14
Okupozeb Ysolamadyc,Forensics,232,9.48
Ylysyzu Yrasaxizo,Forensics,251,9.24
Yno Ybygobyp,Forensics,258,8.62
Enos Yjucyxoz,Forensics,207,6.43
Ituqequsup Unive,Pwn,242,4.85
Olinu Ywozeb,Cybersec,256,5.8
Abeguzy Yjyf,Pwn,218,9.01
Ygibe Yvuhu,Cybersec,216,7.32
Yzygut Apohike,Pwn,230,4.49
Aqurig Ypedequr,Pwn,208,5.91
Ovepo Evohubyke,Pwn,204,9.73
Iwyjufin Uburakogul,Cybersec,223,9.37
Ycofeh Ekik,Pwn,228,6.77
Iwehe Ofy,Pwn,238,6.24
Abosamo Ara,Forensics,240,4.1
Ukugyke Iba,Reverse,236,4.67
Ebadasek Ipyxutab,Cybersec,219,8.68
Adilahiqu Ugiq,Cybersec,249,4.85
Yzihonu Ywaxicagal,Teapotting,230,4.74
Ytykoh Ymixan,Pwn,202,6.25
Ovituvil Yseq,Cybersec,203,9.46
Upixoti Evafepuwuf,Teapotting,202,7.78
Yxorow Odu,Forensics,208,4.31
Ojuzasopi Ycefotagiw,Pwn,209,4.55
Araqaneva Arymyzosy,Forensics,209,9.46
Oxam Iqaze,Reverse,229,7.84
Ojyq Ibuxet,Forensics,221,7.05
Ytiwo Eruqy,Pentest,238,8.14
Ecuzuxy Asaxa,Teapotting,251,7.28
Afecu Yxehyquban,Forensics,209,9.1
Yky Uveq,Cybersec,246,9.76
Onede Elemiruj,Reverse,206,5.84
Usixudag Ybujy,Reverse,249,9.03
Ojirax Olyra,Forensics,201,7.34
Ifocylik Ivaqiseb,Reverse,253,8.87
Ulywafu Yxygixepu,Teapotting,223,5.8
Olu Ozulape,Pentest,203,4.45
Iryduta Uwacit,Pwn,205,7.39
Ugivyjus Igyra,Reverse,250,5.31
Exovyh Afel,Reverse,248,4.61
Ekukeqep Unozug,Pwn,210,7.58
Ehadutub Oposyhub,Pwn,243,9.71
Uhegupeqog Idi,Cybersec,256,7.08
Axyru Ofuba,Pentest,214,7.93
Etaroz Yhixaxavet,Teapotting,233,8.37
Ypov Ywow,Reverse,234,9.47
Usuhicone Aparuboqex,Pwn,243,6.61
Elu Awelyzomek,Pentest,260,6.59
Iradyjahu Iworosaga,Pwn,258,7.49
Uzavato Yduvivy,Teapotting,203,8.88
Yjotub Ufirobicyc,Teapotting,214,5.99
Onoke Asozi,Pwn,230,7.42
Ygo Edyqodir,Cybersec,209,6.25
Oruwuv Iwemuwaba,Pentest,230,6.05
Usymoqe Axodegih,Forensics,247,7.24
Usygug Usupoxof,Pwn,229,5.92
Uked Inefatod,Reverse,241,4.05
Emobun Yzuseq,Cybersec,229,5.13
Oxaneta Iqajaf,Reverse,207,4.77
Iniwul Esyxedu,Reverse,257,4.31
Orukacaj Epebajobi,Cybersec,230,6.32
Egywulytiw Avan,Pwn,210,9.58
Ujoke Enig,Pwn,225,5.57
Ifirocum Ofu,Pwn,252,5.07
Egiquza Ylygo,Teapotting,258,5.94
Ahon Aro,Pwn,221,9.87
Elupivy Exusor,Pentest,236,5.55
Udoq Egedazeky,Reverse,206,6.6
Inyfysil Ebyhas,Reverse,218,4.41
Udaly Agoxah,Cybersec,205,7.87
Ejudasap Umywevac,Teapotting,224,6.08
Opyzu Afehazem,Reverse,204,5.95
Uzi Arobev,Reverse,222,4.76
Uniwazej Ypiwi,Pwn,247,8.04
Ezipuru Adage,Pwn,240,6.69
Owojar Ajihowo,Cybersec,204,7.0
Efaveruk Uwexome,Cybersec,215,6.23
Ynikiqo Idafehaz,Forensics,200,5.79
Ojagonewyj Emivoryk,Teapotting,248,5.65
Ovugusydi Uqeqiru,Teapotting,233,8.15
Oqygak Uqonozo,Teapotting,245,9.7
Udokogol Ysi,Teapotting,220,6.21
Yju Ezerolymi,Cybersec,238,9.37
Ahibekoja Apo,Forensics,230,5.65
Yhu Uxi,Cybersec,242,5.43
Ovupohi Ifiwak,Teapotting,239,8.36
Ypakisagi Onemusifin,Cybersec,252,9.69
Umazofuhu Idorumeme,Pentest,257,4.96
Uranuj Uqe,Teapotting,203,4.78
Yzeze Olysewos,Reverse,258,7.53
Yhi Yfokagude,Cybersec,229,8.64
Ipid Ugigymidi,Teapotting,226,5.66
Esa Ejix,Reverse,215,4.84
Ecugalut Aqaruvuj,Teapotting,238,9.62
Awaqy Iferuwek,Pwn,216,4.96
Odocitelik Afavux,Pentest,201,4.68
Asoful Ibitet,Forensics,255,4.72
Osydyh Idypo,Pentest,252,5.94
Ivyjusok Idydup,Reverse,232,8.97
Yguwydumi Ufityvyp,Pwn,222,9.97
Yvyfihenov Ujyliny,Teapotting,224,6.64
Izacitijyp Ybafenig,Pentest,219,4.63
Iqanac Ahadilo,Pwn,234,5.94
Uledyhob Ajyc,Pwn,240,4.12
Esinokamo Exubigeb,Forensics,215,7.74
Ezesy Ehucaha,Pwn,231,8.8
Ytybup Odewokof,Pwn,233,9.67
Acebubaz Aqylyzid,Cybersec,237,4.26
Iqocoryf Izuruh,Reverse,231,6.95
Ilybo Yredeh,Pentest,245,9.65
Oxofiqajuc Yzanun,Pentest,204,9.28
Utebaku Ilyqebyv,Pwn,236,6.63
Uso Iku,Cybersec,247,6.2
Ekyl Agubisa,Cybersec,206,5.5
Usogy Ehoqonup,Reverse,250,7.97
Iwapukocyv Ycytypybu,Forensics,215,5.32
Iqyzibecyc Ezana,Teapotting,238,7.67
Urerulido Ebu,Pentest,256,6.86
Yhesow Oqyr,Reverse,212,5.9
Oxomelawob Atuhezig,Pwn,240,4.41
Udi Ypawudakex,Pentest,211,8.67
Ononam Ajumuzanyn,Pwn,234,9.01
Enaduw Ihupo,Cybersec,239,9.67
Yzumeci Ynigeluso,Pentest,229,8.12
Onerylikic Ykehihej,Reverse,253,4.63
Ejuqy Umagybel,Reverse,225,4.19
Yfazudowof Ybytykup,Pwn,248,8.24
Usimezi Utebuhus,Pentest,222,6.1
Omufuxi Ugulyk,Forensics,246,5.06
Azi Ywuhykije,Pentest,208,4.35
Ave Esuqazo,Pwn,216,9.99
Yciv Ikodyr,Pentest,243,9.26
Elytoca Orynujixyp,Cybersec,241,6.88
Icus Esamosyxud,Forensics,248,8.37
Iwuzidiny Yla,Forensics,256,5.38
Owif Yhogymeve,Pwn,215,9.35
Ehirila Ibed,Pwn,234,6.78
Ozymemoh Ydogy,Teapotting,231,7.01
Udimop Uhetesygyk,Teapotting,232,6.0
Ezuh One,Pentest,201,6.79
Aro Igikomyz,Forensics,200,4.8
Uly Ucecap,Forensics,212,4.64
Ivumex Ylovyr,Pwn,248,9.94
Ajipezym Oqo,Forensics,252,6.39
Aponubel Yrupud,Forensics,232,8.57
Afes Ehi,Reverse,249,9.09
Udosanixys Equr,Cybersec,237,9.01
Eqonopy Ejemin,Forensics,258,4.08
Oke Ofyzyhaheq,Forensics,235,8.53
Ylysy Azukyxeda,Cybersec,239,8.09
Ofe Amatiwafe,Reverse,217,8.1
Osuja Edecaxafon,Reverse,244,6.17
Ubarocezuj Agex,Teapotting,218,7.16
Esalicaxe Ycynavazel,Pentest,227,5.53
Yhygi Esamow,Pwn,211,9.72
Yvykuhyh Amupimox,Cybersec,233,8.27
Ohiteceb Oterofiv,Pentest,208,4.04
Aco Ifoqit,Pentest,201,7.53
Izumonefes Uwali,Cybersec,244,5.83
Idofu Ihiw,Forensics,235,7.2
Ocywijaby Ivowax,Cybersec,256,5.5
Uqawafe Awucix,Teapotting,258,5.1
Yby Usyhibiku,Forensics,225,9.73
Ytixyjob Axafedehu,Cybersec,220,8.41
Ugy Azytatyca,Teapotting,201,8.32
Ujofyzyh Etokyve,Forensics,241,9.04
Axo Ijebyla,Pwn,212,6.34
Emi Ybytolom,Reverse,225,6.38
Adacakac Ykilar,Reverse,232,6.14
Ecolet Ikuqysoku,Pentest,240,6.83
Igakojo Urihu,Cybersec,224,9.3
Owuh Exovih,Cybersec,242,9.58
Ivekaw Ahe,Pwn,243,8.33
Uxiwyjax Ahuqeqiqi,Cybersec,204,9.17
Odimizuca Efabepyboz,Reverse,228,8.7
Iwibe Uli,Forensics,243,8.48
Izebawico Uky,Reverse,221,4.76
Ageloj Urox,Teapotting,208,4.29
Eja Ynidejemu,Reverse,227,9.18
Yjuzino Egadinutij,Forensics,235,5.43
Ycipyp Unohemyvov,Pwn,247,9.48
Owamaci Ifex,Pentest,240,5.54
Ylyjyvodar Avyrubezu,Forensics,252,7.87
Ysak Awyk,Cybersec,228,4.06
Ajov Ogi,Teapotting,207,4.9
Avyqe Ivoga,Forensics,239,8.03
Oxaqofox Apuzo,Pentest,220,6.19
Efa Iwokiwy,Teapotting,201,5.06
Ywukagidys Ytocynuxi,Teapotting,244,7.32
Awiw Urabema,Cybersec,224,9.76
Aju Aduremaqo,Reverse,209,6.22
Okogu Osicaful,Forensics,208,6.13
Anenehy Icur,Reverse,204,8.9
Opona Apezakec,Teapotting,244,9.28
Ytuhaqeno Ijasat,Pwn,208,6.96
Oqehufa Avi,Teapotting,230,6.68
Ybezik Atuxaca,Pentest,208,8.59
Osim Urapaxelo,Pwn,246,6.86
Acelegywa Ykose,Teapotting,222,9.8
Unylo Ufojy,Pwn,223,9.74
Ypavyh Orepo,Pentest,216,6.19
Okik Uke,Pwn,208,8.25
Obekyt Yxixog,Cybersec,218,4.13
Oxobyle Oqy,Reverse,236,6.92
Uxaxelin Afifylykeb,Reverse,209,4.93
Uhuqepoz Otamakuwog,Pentest,224,9.9
Ifuhyca Inopehud,Teapotting,228,5.94
Abep Ixywuma,Teapotting,200,4.75
Avaluse Iqeraqica,Pentest,259,4.13
Eduwu Ytujuromol,Teapotting,205,4.26
Ate Iqaf,Cybersec,232,7.43
Izore Ila,Pwn,249,9.13
Eracydec Upu,Forensics,260,7.13
Ired Eraxuxifu,Pentest,208,7.26
Ogal Anapuvu,Pentest,237,5.56
Ymukok Inuzyhiw,Pwn,217,8.67
Yxamytevuk Aqiko,Pwn,241,4.21
Yrof Uxacive,Forensics,248,8.6
Oxeve Exo,Reverse,225,5.99
Akusux Ojo,Teapotting,214,6.31
Edylo Igovibege,Pwn,231,4.91
Alar Ynujytap,Teapotting,204,8.62
Emawoqu Inodym,Reverse,245,9.96
Ikafopeg Elumis,Reverse,209,9.86
Ydynaciji Umu,Pwn,224,9.2
Ynigytobe Ewa,Pentest,236,9.5
Exaq Yluwub,Reverse,257,6.59
Ifeqaqog Itunu,Forensics,255,9.08
Ajybifok Afesolygep,Cybersec,209,5.28
Epy Ivavy,Reverse,205,4.76
Erulilowyk Ehafovymax,Forensics,247,7.59
Amymejan Yha,Teapotting,205,4.2
Oxejyloce Egitud,Teapotting,215,4.08
Ymy Ylurivexa,Pentest,257,8.0
Ipo Ybynujoki,Teapotting,208,8.54
Ujurolakim Emynefazin,Pentest,230,5.02
Yfyd Ylizymaq,Reverse,236,8.4
Utemu Idokehizep,Forensics,228,7.15
Apizikitof Ezodoha,Pwn,257,9.49
Ygym Uwyfidavi,Cybersec,219,7.63
Ofobypejy Udohagaw,Pentest,260,6.1
Ugu Ubygal,Pentest,203,9.29
Omasytuwe Unec,Pentest,240,6.44
Iqo Ijonin,Reverse,223,5.16
Udahomu Owemuma,Pentest,248,7.21
Acuzok Ucanowofo,Forensics,226,4.48
Ena Icabizuw,Pwn,222,4.88
Ywuw Ozitabyfib,Teapotting,247,4.86
Inuxohamuz Ula,Teapotting,218,4.87
Uquzuwub Ikytisusot,Pwn,241,9.27
Abupyg Ihozege,Reverse,204,7.97
Itenyp Idumoby,Pentest,212,8.38
Uvagedosyj Utucoqanuh,Cybersec,227,9.31
Etavoqu Yzire,Cybersec,238,9.96
Ilosawy Aqajy,Forensics,212,5.35
Afarinu Uzocavu,Forensics,222,7.19
Egu Awiq,Cybersec,252,7.31
Aram Adupiwilo,Cybersec,229,9.59
Edybu Yses,Pentest,233,4.35
Osysekem Ymycy,Reverse,216,7.72
Ecaf Yqunaby,Forensics,214,4.53
Eperas Ixafepixex,Pwn,244,5.11
Ocym Etap,Reverse,254,6.42
Okofopise Uri,Teapotting,203,5.48
Ewyx Unej,Cybersec,229,4.72
Exoduzal Exepesu,Pwn,227,4.98
Ydoq Iryhigabyw,Pentest,248,5.49
Esijyceq Ozodu,Reverse,209,5.63
Iwovomuryt Igicugi,Reverse,209,6.94
Ezadykecug Uxe,Teapotting,228,6.35
Evy Ywaz,Pwn,209,7.31
Yxarakole Ixi,Cybersec,243,6.12
Alulapafex Yjoluniwi,Forensics,246,8.83
Oquremy Afubere,Teapotting,259,4.23
Ytekoqyd Obuseca,Pwn,249,7.22
Odenux Amybe,Teapotting,243,4.2
Uzagafafa Usu,Cybersec,216,8.96
Alidoni Atyza,Forensics,228,7.67
Okubuvuqiw Ego,Pwn,232,5.85
Ebedypok Eruve,Cybersec,216,6.33
Ywut Yhyba,Teapotting,245,4.54
Ikixunyf Inafy,Teapotting,219,8.71
Ibypadu Yfutup,Reverse,252,6.43
Udaho Uwow,Cybersec,206,7.09
Eqozokidy Ocyza,Cybersec,228,8.93
Egitixucon Ekuj,Teapotting,241,6.1
Aka Idu,Pentest,211,8.59
Aketigig Ivonil,Pwn,209,8.35
Ipun Ihifofys,Pwn,254,9.86
Omor Etytuter,Pentest,218,8.25
Alagu Ofacovezas,Forensics,230,6.38
Ijy Avozafohub,Cybersec,207,8.92
Ulif Azyx,Teapotting,255,6.63
Yninyvav Yzyhefu,Cybersec,255,7.69
Ecevygumy Okir,Pwn,250,4.7
Ydijidonec Aki,Pentest,227,5.86
Afaq Iqetuvof,Pentest,209,7.21
Uwyviz Uwawus,Pwn,258,4.61
Obutemoci Yrufox,Forensics,223,7.85
Ikexo Ege,Teapotting,227,4.63
Acyd Ubigydovim,Teapotting,205,5.88
Unebu Ixemo,Teapotting,238,6.85
Efobabuzon Ugo,Pentest,247,6.28
Ifaji Onegeqogog,Teapotting,210,8.88
Ojeh Ibaviqubo,Reverse,237,6.6
Yhirywija Obinimun,Pwn,217,6.57
Arekicy Ewijype,Cybersec,220,7.27
Umupuhum Aheba,Pentest,203,4.11
Uhydu Yqycuna,Forensics,255,6.33
Epyfunahu Ygaxak,Forensics,238,7.01
Ofulula Ahyxa,Reverse,234,7.85
Olyjuhawe Ewiver,Teapotting,222,8.72
Uxek Yqyqarese,Cybersec,220,6.59
Ymobalaby Uqixuzyn,Pentest,208,5.75
Apawo Akyvosa,Pentest,211,6.5
Ome Ozi,Cybersec,213,9.27
Ejitu Erekaj,Reverse,231,7.38
Uzidusyq Ufurediqa,Forensics,251,7.05
Ujopo Ojy,Cybersec,235,6.35
Ibasemu Onefuzumu,Cybersec,223,9.22
Esapeserun Ymymybu,Pwn,224,8.54
Ogovur Agyxadoqus,Forensics,253,7.49
Odyfuqot Oko,Pentest,228,4.76
Yzidat Exetego,Pentest,219,5.98
Afo Urabelu,Teapotting,249,4.23
Evetuvuqy Akak,Reverse,241,8.43
Ynusovexe Oqy,Forensics,245,7.67
Yfefaxe Uzyjydovih,Pentest,225,4.99
Ygycyvin Yropynuq,Pwn,251,8.37
Okyjys Oleniv,Pentest,252,4.84
Akabo Oqecomipyq,Pentest,259,5.54
Ahamecyzof Afukagogi,Forensics,209,6.68
Avah Uzykas,Pentest,206,7.17
Evix Abubijawa,Pentest,200,6.07
Ugonavo Acafane,Forensics,229,9.43
Ukegoxawyl Ohuxi,Reverse,238,8.04
Anov Osu,Pwn,217,8.99
Afu Iqywihaja,Pentest,232,8.11
Ilubisiqy Oluxenulas,Teapotting,232,8.86
Ediba Ijykojo,Pentest,242,8.53
Icowylyvoz Owyji,Reverse,260,9.14
Afa Obojivycyj,Reverse,248,9.53
Yxuja Aloququco,Reverse,256,5.75
Yvudyf Akykapapa,Cybersec,226,4.14
Oky Awanoked,Cybersec,223,7.06
Evuzej Emasu,Cybersec,221,6.53
Ofeli Ykutuz,Pwn,239,7.8
Uwuqofyke Eguhas,Pentest,223,8.99
Ikeki Ikev,Pwn,252,5.31
Yzizecoroj Arosufe,Reverse,209,8.89
Ecuce Oco,Forensics,209,9.26
Opyvup Uzufoma,Cybersec,251,5.44
Ohures Axucytim,Pwn,213,6.2
Equ Iho,Forensics,250,8.22
Igebof Uzucyx,Teapotting,240,4.59
Ilopela Yciqu,Cybersec,209,8.84
Apehef Ari,Forensics,248,6.38
Upyjarekef Ylegyxibe,Teapotting,208,7.18
Ylaneg Ixaji,Cybersec,260,8.27
Eruwel Amozudidi,Cybersec,207,7.06
Yvumus Odafejym,Pwn,255,5.01
Ekefatuwa Yharoha,Forensics,221,4.97
Itit Amalywycif,Pentest,254,6.43
Atijaci Ahuwahir,Forensics,246,8.68
Uquvik Atotiju,Cybersec,238,4.97
Yde Ahywicikuh,Reverse,235,5.13
Icyr Osiqyrec,Reverse,228,8.31
Apetev Idopazu,Pwn,250,7.99
Ihecida Avyju,Pentest,217,8.13
Ypapede Emocajir,Teapotting,237,6.46
Imutijeze Ybexum,Reverse,202,9.41
Ipi Ozy,Reverse,214,7.9
Ehini Yzamyges,Pwn,233,4.76
Iwi Efocufijud,Pentest,230,4.28
Okixusyhef Ypa,Reverse,223,9.9
Ycusakeku Ezywy,Cybersec,245,5.09
Igoquj Inotemyxoq,Reverse,252,5.43
Ovujo Orapuhero,Cybersec,214,8.67
Eledeva Umyfisen,Pwn,236,8.85
Idibed Ekikede,Pentest,230,9.5
Awewivy Uxewyxev,Forensics,233,5.24
Ono Ebuvo,Reverse,207,5.44
Eqinabiveb Ixyjij,Reverse,207,8.13
Abu Odidutux,Forensics,216,4.39
Uzinyjafub Etafydudud,Reverse,218,8.74
Yfuhy Ecixofiwo,Teapotting,206,5.84
Amiqekaca Oparohaby,Pwn,236,5.42
Uqeg Usapa,Teapotting,258,5.89
Okity Iponexoni,Forensics,226,4.47
Uvohipu Onyc,Reverse,246,4.09
Umyguxeme Orolep,Reverse,235,8.78
Etujoc Ynex,Forensics,229,6.38
Ucyjaduba Esigezuhap,Reverse,227,6.86
Eciziwelib Ihejigo,Pentest,203,5.39
Ureg Unys,Pentest,248,4.69
Yvujoson Yfeq,Pwn,243,4.14
Okyrihug Ina,Teapotting,254,9.31
Axujov Yge,Reverse,207,5.97
Ybygoduton Ovuvavygim,Pwn,260,8.53
Elisosehij Onuwipokud,Pentest,230,6.04
Opu Ylisuqotuw,Pwn,200,7.36
Ezu Ikyxeqisox,Pwn,255,7.81
Osiqor Eciwyc,Teapotting,258,5.61
Yba Oxoko,Cybersec,228,9.15
Ylec Acumuqadyl,Pwn,217,9.01
Eni Urus,Reverse,259,4.59
Uvuvaf Yryzocaza,Pentest,239,7.34
Epilimuha Obakuhoc,Pwn,207,6.58
Ulocosydup Yvicoduf,Pentest,202,8.59
Ocagewuno Ekivotun,Reverse,253,4.5
Omywyjanet Ykecus,Reverse,258,6.43
Ykuz Ymabemufab,Cybersec,239,6.62
Ape Yxit,Pentest,248,9.03
Epopy Uwuwume,Pwn,206,4.24
Abewun Ybupyba,Cybersec,225,7.77
Oqavopuroh Ebixosytez,Forensics,235,9.27
Iraga Aba,Pwn,231,4.54
Utiwe Evusizojus,Teapotting,201,5.16
Olenaluze Itubusume,Teapotting,233,9.48
Ehidiryba Efyrivoc,Teapotting,224,7.71
Ysosorod Ycyz,Reverse,203,6.07
Yjaxyra Akyla,Pentest,234,9.12
Akidu Ivowar,Pwn,242,6.75
Ycozarac Idubigi,Pentest,232,6.37
Ykinu Ozegobi,Reverse,207,7.11
Ozeby Onogy,Pwn,212,9.32
Upabit Ylomok,Pwn,250,5.59
Obi Owigikexop,Forensics,200,4.9
Oka Icaru,Teapotting,231,8.41
Usa Acy,Teapotting,214,8.3
Ecuzylesi Yxe,Cybersec,254,9.28
Owity Ylo,Pentest,216,9.49
Ohigeva Axoquwiges,Pentest,258,9.78
Ozuvibazy Okucujyf,Forensics,209,9.58
Iju Ecakiky,Reverse,246,5.05
Ojidabyv Yricir,Pwn,237,6.41
Oqymynu Okikelupy,Teapotting,209,8.66
Ycacuv Yjyge,Teapotting,204,8.89
Axukigizo Ytih,Reverse,253,9.6
Ujudah Ykunem,Cybersec,249,4.8
Ikimekilyl Iku,Pwn,252,6.11
Yzify Icytu,Reverse,216,6.6
Atyl Ocol,Reverse,245,5.0
Ycu Upun,Pwn,226,7.73
Yvataseb Eperanyxe,Forensics,202,4.33
Ihiz Ygij,Forensics,203,5.94
Ozukewof Uvagagygo,Reverse,203,6.23
Utuqocyzus Eneb,Pwn,244,4.96
Upi Oqej,Reverse,227,8.75
Ojuj Uguqu,Teapotting,224,5.05
Akujytav Egyrupukag,Reverse,217,6.04
Apopym Afifaxo,Pwn,206,5.41
Axizib Umejufig,Cybersec,204,9.06
Ynom Ycexusuq,Reverse,210,8.64
Ehonycuv Ypuxive,Reverse,200,5.38
Obyzej Ukaciqum,Pwn,253,4.24
Ehoguqyky Ybuxar,Forensics,221,9.12
Ygi Upuf,Pentest,250,9.7
Awej Ydydamy,Teapotting,202,7.84
Yzuv Ytiwa,Pentest,234,4.59
Yqix Ygo,Pentest,250,7.92
Aliw Yguhy,Pwn,200,9.64
Ifywowumam Iqahu,Teapotting,212,8.94
Ebep Azenevot,Pentest,222,5.31
Ocuxyham Uvyqiqor,Teapotting,258,6.71
Ada Uwevyvujo,Teapotting,212,6.62
Ihix Opih,Cybersec,205,6.46
Ymefogityw Adabuxor,Teapotting,256,5.74
Ugab Obagyciw,Teapotting,212,9.62
Aweryhadit Ymar,Pentest,236,4.1
Edoviciqin Ycamypuj,Pentest,241,9.38
Opagad Ufysabinu,Cybersec,227,5.17
Itezo Onorelyz,Cybersec,260,4.03
Ikasirose Ezodysetyn,Teapotting,218,4.23
Agoqo Oto,Cybersec,241,4.81
Ozaxabor Ixunogoguz,Forensics,201,5.53
Aku Ulyvuwi,Pwn,200,5.85
Esiramutu Ihiwe,Cybersec,244,7.98
Oqat Itop,Reverse,245,8.7
Iwah Uqakavumu,Teapotting,252,6.71
Edojifiz Ajenu,Cybersec,222,6.67
Ohuja Avikilogon,Pentest,227,5.29
Yfisada Apokisuk,Forensics,260,8.36
Emorib Usy,Pwn,256,5.67
Iwynefew Ipa,Pentest,215,8.09
Yxukuhu Ato,Reverse,205,5.85
Usobymete Yrysiqinip,Forensics,237,5.15
Ylatec Ojubawyp,Cybersec,248,5.09
Ebuxucyfyg Umuvake,Reverse,245,9.85
Ululihan Ahepah,Cybersec,237,5.72
Ixyhyxyzor Ime,Pentest,206,6.33
Iwypy Imis,Pentest,254,8.33
Afi Uhehapy,Pwn,232,7.08
Usopire Upydac,Reverse,260,6.41
Ogowen Ukibevi,Cybersec,252,9.7
Ixivasute Ipum,Forensics,211,9.41
Ekujywa Icehubybe,Forensics,212,5.94
Yfaqekydop Aguxejasuv,Forensics,234,9.05
Ytukot Atu,Teapotting,208,7.94
Acigilar Odafix,Cybersec,241,5.96
Ybigud Acynufakev,Pwn,215,8.66
Ekezezidej Ocudodijy,Reverse,248,6.37
Ufife Erenizenyk,Reverse,250,6.67
Agyvojiq Oferokos,Pentest,258,5.51
Ebejozidi Apu,Cybersec,243,8.42
Ocuzodib Azyt,Pwn,203,9.6
Olitile Ykybotovip,Forensics,241,7.4
Ubixoto Idefyja,Cybersec,230,6.86
Ecekyduwo Evosyf,Forensics,201,4.68
Aporecuqeh Utubetotot,Cybersec,246,4.92
Ydihumur Ycy,Teapotting,214,7.27
Ogakuxip Ojaxov,Teapotting,220,4.23
Ywyzymotej Yxyjo,Pentest,204,6.22
Ycujiqiju Emetifu,Pwn,230,5.31
Ymu Ecuzo,Pentest,204,9.44
Ikucafu Ibe,Pentest,244,5.34
Oluji Evonyge,Reverse,228,6.99
Ucac Eca,Cybersec,210,9.78
Uliragiro Edex,Cybersec,221,7.96
Aciz Ajityvo,Cybersec,258,4.02
Urulef Igyfebeqa,Forensics,217,6.08
Yrug Uxa,Pentest,227,5.04
Ytigid Ugafoma,Teapotting,200,6.15
Ytis Iwynodidij,Pwn,214,9.0
Ymenurijyc Exunoqinol,Cybersec,240,8.8
Obuvyna Abywikova,Reverse,212,9.54
Arebuzap Arevatafe,Forensics,220,4.32
Uga Uwim,Cybersec,234,8.34
Oneho Uxevez,Teapotting,233,6.26
Yvyt Ibibeb,Forensics,219,5.26
Yqovopywo Ikihoxo,Forensics,236,9.46
Ovadevyc Ity,Pentest,202,4.84
Upiq Efac,Forensics,258,4.12
Adiciju Onyjofyze,Reverse,228,4.87
Yxatonaveh Evufizuq,Reverse,217,4.35
Ynopawihy Owoqi,Teapotting,214,7.14
Ike Aqebo,Teapotting,235,6.8
Omeryguve Ynacuqaf,Pentest,227,7.79
Unah Uputexesev,Teapotting,254,4.79
Yzes Akyb,Pwn,225,4.16
Ewanafyrek Yqe,Forensics,204,7.03
Otesysaxiw Awy,Reverse,232,8.03
Arehyto Uqupitihe,Forensics,200,9.9
Ewyrudosa Uvohow,Cybersec,250,9.96
Yrogotecog Evyx,Pwn,200,6.65
Otyx Umub,Pwn,233,5.38
Elom Aquziroze,Pentest,211,7.83
Izysemoxy Owoh,Cybersec,258,7.15
Imija Ymyw,Cybersec,254,6.18
Ovyto Erif,Pwn,211,4.51
Ocym Itobyk,Pentest,227,9.82
Aqeca Yfyqa,Pwn,210,4.17
Emaxyty Ygasu,Teapotting,240,7.32
Eli Otufo,Reverse,216,8.58
Amitumelo Esyxe,Pentest,230,9.12
Esakonareb Oteworas,Teapotting,256,5.33
Uhib Ebuhy,Reverse,251,9.63
Ydiz Ipuj,Reverse,218,6.27
Uqywed Ywu,Cybersec,212,4.08
Yqujeg Ygygihamyr,Forensics,207,6.7
Adogux Upedujenex,Forensics,245,6.27
Evovomen Elus,Cybersec,228,8.95
Yle Umipyzusa,Teapotting,221,5.55
Yfufetoj Emos,Cybersec,238,5.81
Ujuc Oxokywosug,Forensics,210,6.54
Ekogek Uqulo,Reverse,259,7.26
Ivixaqyqo Irynymacam,Forensics,219,5.62
Igegud Upedoqad,Cybersec,248,7.72
Ocojusy Umamyca,Teapotting,239,8.26
Yhowaryno Ojax,Cybersec,220,9.26
Odageki Ycaz,Pwn,226,5.84
Exepajyki Esivaj,Cybersec,244,8.42
Aqubagof Ulaxyv,Teapotting,258,7.79
Ydub Uwalimo,Pentest,231,8.27
Epulyr Aqylu,Forensics,257,8.69
Yzo Ytazacoqi,Cybersec,228,4.74
Oqyfu Ejazedap,Teapotting,247,8.66
Iwiciv Yrykuf,Reverse,226,6.34
Iwi Ewyhyhaq,Forensics,211,8.58
Uqaluj Ivytu,Teapotting,208,9.82
Ezuvykeza Yjuxymek,Pwn,222,6.31
Igulok Ymufe,Pwn,242,6.45
Yhiz Yjusivypi,Pentest,217,6.46
Aju Adoko,Pentest,226,8.84
Ivuhixixi Afonyju,Reverse,257,6.82
Ibah Isudyge,Forensics,223,6.76
Anov Alobuqe,Pentest,222,5.81
Ozenufe Ecylibej,Teapotting,254,4.98
Omi Ylip,Forensics,253,7.3
Azigyxyko Izipolo,Forensics,240,9.15
Uwevypyb Agyn,Reverse,242,5.98
Ufejevyn Aponup,Forensics,241,7.96
Ytit Amuw,Cybersec,239,5.67
Ucup Owysyky,Cybersec,246,4.74
Egec Orixovocy,Cybersec,247,7.27
Uvyzog Orepu,Pentest,247,4.27
Axosi Ojorimi,Teapotting,217,9.99
Upiwow Ynyf,Reverse,237,6.12
Ulitiwa Ivoly,Cybersec,250,6.06
Uqazosirav Obeb,Cybersec,256,7.89
Odabomaxym Yheti,Pentest,205,8.83
Isubygas Imibivyxo,Forensics,246,8.26
Isubeha Usuvici,Forensics,235,7.44
Asivare Ibuj,Forensics,254,8.62
Ijenida Uwip,Reverse,242,9.53
Oponelu Ebekicu,Teapotting,215,6.41
Yviquma Obinytisy,Pentest,248,5.09
Ewusenu Ixif,Teapotting,242,8.77
Ygahy Acylujo,Teapotting,208,8.68
Exobodaz Ahykipoxyc,Forensics,258,6.1
Itavipoha Udyniwaqer,Cybersec,203,6.43
Ifaxodiv Ohepe,Teapotting,228,8.12
Enopuqe Imyrenuz,Cybersec,244,4.47
Osafo Ywekaryb,Cybersec,257,6.93
Ulafop Ezop,Teapotting,210,9.92
Ixomyni Ysexo,Reverse,227,5.17
Ymi Opyxodig,Reverse,218,5.48
Opef Ipyhi,Forensics,234,4.37
Avidazov Ugu,Cybersec,201,8.27
Egeda Epujuvoxok,Pwn,220,4.68
Yru Ete,Pentest,216,7.74
Uwikusypal Ovuhapima,Reverse,213,6.29
Oxehaho Akege,Pwn,255,4.45
Izukacyzyp Ufezimexe,Pentest,220,4.37
Ebyrunem Ixasodub,Pentest,226,4.14
Izib Ozobukod,Cybersec,227,8.29
Uzy Iwa,Forensics,242,4.62
Ihetes Ijojyseg,Forensics,217,6.86
Ory Unopob,Pentest,241,5.52
Aca Yryqowem,Teapotting,244,8.03
Alog Owo,Cybersec,215,4.16
Ovowupix Ena,Pwn,233,8.54
Ykuj Eharidup,Reverse,218,7.52
Yjafufudoz Imejedo,Teapotting,205,9.19
Acegoqi Aqapipyf,Pwn,233,9.47
Unajocemer Aviz,Teapotting,218,5.89
Ary Ugupeh,Pentest,238,9.65
Iwacufiqob Yrik,Cybersec,243,9.22
Abyno Ilo,Cybersec,255,4.28
Arip Yrehycu,Cybersec,253,4.2
Emonuzaw Acosuj,Pentest,259,4.27
Ala Ynes,Pwn,241,5.78
Azip Ehidire,Pentest,228,4.15
Ycu Ekan,Pwn,234,4.54
Alaku Ici,Pentest,246,7.33
Ylypanaq Ysozyx,Cybersec,258,8.39
Oci Iso,Reverse,229,8.13
Ogukejopu Oweloly,Pwn,212,5.2
Ojule Yrixidyl,Pwn,251,6.28
Ocete Ygunyw,Teapotting,232,4.98
Eronyvaqy Elydaf,Cybersec,246,6.81
Evyx Omubydezu,Pwn,240,6.41
Yhevytuja Ezafazah,Teapotting,245,5.42
Ogy Iny,Teapotting,210,7.6
Ikalyd Imifosyg,Pwn,240,5.59
Aryresed Ydaq,Teapotting,249,4.53
Ynojol Utevurak,Cybersec,203,7.92
Ujo Ikirihagyk,Cybersec,240,7.02
Yci Atihu,Pwn,204,8.5
Ubikyc Etote,Pentest,212,6.86
Afe Ywibeg,Forensics,221,5.67
Acahe Elax,Forensics,212,9.29
Imes Uhamebilur,Pwn,252,4.76
Urej Amyfumuz,Pwn,232,8.53
Oqyg Ocyhiwezyj,Pentest,222,9.49
Iqisov Yzi,Cybersec,209,7.89
Adyfafusip Uripineqaq,Teapotting,236,4.76
Acaqofi Ugajawo,Pentest,242,4.29
Apapox Aqyvyqab,Cybersec,224,7.26
Akejilofi Obos,Pwn,246,8.71
Ilulur Ikoniqu,Cybersec,245,6.39
Asof Ymyvamagik,Teapotting,215,9.47
Ifazug Aticoke,Cybersec,218,9.43
Osysi Efenokyni,Reverse,243,9.88
Opabateja Ewegara,Cybersec,258,7.56
Avag Ehapywo,Pentest,253,7.37
Anikeruwe Ibir,Teapotting,243,6.25
Uqacehys Ety,Pwn,256,4.85
Ujaka Olasik,Reverse,211,9.54
Ibozaga Ocuwo,Teapotting,211,9.92
Ififeryto Emywumiji,Forensics,210,5.58
Agenyv Yfyqyzo,Cybersec,240,6.57
Ici Ade,Reverse,253,4.77
Yrenyp Opynejif,Forensics,254,9.77
Ipy Iheqywipi,Teapotting,228,9.11
Ypekuv Esako,Forensics,258,6.64
Ucy Avuhureb,Cybersec,218,9.27
Olumiko Ired,Pentest,229,9.67
Ybygul Ypik,Pentest,211,8.25
Ykano Avywoja,Pentest,207,8.41
Imyc Arinire,Reverse,221,4.9
Ukerykovyk Emajoruq,Forensics,214,6.7
Isapi Uweh,Teapotting,237,6.26
Ydi Uzefove,Forensics,239,5.88
Ufobax Aqaqoho,Reverse,207,6.04
Ibyg Ykyjohosij,Cybersec,241,8.12
Ipepejicy Aqy,Reverse,209,6.41
Yqoxuvanam Opoga,Forensics,224,7.23
Ecydalyral Usinu,Pentest,223,7.98
Ixah Ofixa,Forensics,255,7.49
Ojotira Oci,Teapotting,253,6.93
Izitubexa Unelezopi,Teapotting,238,4.7
Anekysuxe Eciz,Forensics,249,5.39
Ilyfi Odym,Pwn,220,4.97
Eposowe Urydec,Pentest,245,5.51
Ovyzexa Uhyweqepe,Teapotting,216,7.47
Ewitirih Apepurija,Pwn,216,8.23
Ewoz Iwazeb,Pentest,208,8.86
Aje Avemi,Pwn,238,6.49
Utunyk Yrykemuj,Teapotting,204,6.77
Ibupilus Ygivanunyx,Reverse,231,5.36
Irynivek Usybote,Pwn,208,8.62
Opyf Uvi,Cybersec,220,4.11
Ygajyhape Ada,Forensics,260,6.44
Ibebof Ahe,Forensics,243,4.48
Efug Otyjab,Forensics,214,8.3
Iboxubano Ihyfu,Reverse,224,5.34
Owa Aha,Pentest,237,5.0
Ufe Ibizugixo,Reverse,256,9.19
Eledacoz Ogecolom,Pwn,228,8.29
Ivylidav Yjaniqa,Teapotting,219,7.03
Uqoq Yvokufib,Teapotting,210,7.09
Azac Ejanerala,Cybersec,211,6.54
Oge Isetaje,Teapotting,202,7.24
Ekyhegejyx Ihuvojigoq,Cybersec,217,8.44
Yboronely Ysusyqobom,Pwn,244,6.61
Ucocefesi Ynybysimir,Cybersec,240,8.34
Ivadewazo Ubygyci,Forensics,240,5.06
Akibuny Akularebu,Forensics,251,9.77
Acozukog Ytysoh,Teapotting,208,8.06
Oruw Erecave,Pentest,220,5.04
Uhowajityz Ocuwiqo,Reverse,230,8.61
Yrec Inyco,Teapotting,232,9.67
Ameqave Axofisobu,Forensics,240,5.94
Axa Ebivur,Teapotting,257,5.91
Ybilibywu Usy,Pwn,249,6.36
Amuwycibuq Epybyner,Forensics,245,9.96
Ewuxas Uvonowiby,Teapotting,247,8.46
Ive Idabamate,Reverse,243,9.38
Ihukumibi Ypipysejo,Teapotting,249,8.68
Ubodat Amox,Forensics,222,8.4
Ulypej Ojacawuwux,Reverse,249,8.54
Ebahuba Upeb,Reverse,225,6.65
Yzysuc Ufekyfego,Pwn,255,7.43
Odeveb Igeh,Pwn,256,9.38
Ukage Ifepemywih,Teapotting,246,5.67
Yjo Ozo,Cybersec,216,6.73
Iqucyfewu Uqipedebu,Forensics,259,8.61
Ozevymi Ypexibuwev,Forensics,244,4.45
Uzel Ixe,Pwn,233,4.29
Ajehaxo Ysewawobiv,Teapotting,229,6.46
Iqagufoza Ipavumi,Reverse,206,7.65
Epyn Oti,Pentest,207,6.77
Afogij Iqege,Pwn,233,6.02
Yjideduvan Azykep,Cybersec,252,9.16
Uvozuhe Uwipapaqy,Reverse,202,7.53
Ibahudaved Itatofi,Pentest,229,5.52
Uwel Uvanuko,Pwn,256,5.49
Iverer Ociku,Cybersec,248,4.42
Ako Anat,Teapotting,253,9.67
Yxa Ily,Reverse,209,9.19
Uboze Yre,Pwn,251,9.06
Uqokarecow Odax,Cybersec,235,7.92
Icovebe Ocojapa,Cybersec,218,4.51
Ohuky Ofak,Cybersec,239,4.74
Ebyqilyka Ytar,Forensics,244,5.15
Izocuwy Ynocom,Pwn,242,4.59
Yfydymofus Eripaz,Reverse,216,6.73
Ikamat Iqihymum,Teapotting,232,8.45
Awafakati Ugenegovaw,Cybersec,214,5.95
Okurojup Axo,Pentest,239,6.88
Yxuwuja Yvylota,Reverse,224,4.79
Yrykyja Ufyfatil,Teapotting,214,6.11
Ytysygidil Edidy,Teapotting,200,8.8
Axysyce Asa,Forensics,235,4.36
Ahiqanizo Orof,Pwn,253,8.48
Ihis Udosycum,Pentest,243,7.69
Efo Unuquhu,Cybersec,252,6.14
Epefydaby Orujut,Reverse,231,4.81
Esece Uge,Teapotting,211,9.66
Evigo Ubesiqer,Reverse,251,4.79
Ysokuzaqi Ukuzez,Teapotting,220,9.39
Ojy Yqubu,Reverse,244,7.77
Imyquz Ocilu,Cybersec,250,6.89
Enabuwag Ytydicegi,Forensics,245,8.22
Ujirekem Apysu,Reverse,205,9.61
Yzikaveh Ihi,Reverse,212,9.84
Ikekaxyget Ofimox,Forensics,249,8.47
Ycuhusazir Uqedibiwah,Forensics,253,4.33
Ypude Ivanulerus,Reverse,212,6.31
Iny Avixy,Pwn,254,4.81
Yxog Unojyfadom,Cybersec,204,4.52
Acy Yhejipot,Pwn,221,9.56
Ofyb Ili,Forensics,209,4.09
Acekix Aguripowag,Reverse,215,7.4
Yka Iceciqis,Pwn,204,8.53
Asyvofot Ahyjo,Cybersec,247,8.33
Ytomaq Yhowapu,Forensics,218,6.0
Yramuty Yjycode,Teapotting,249,8.16
Yvuceto Ycus,Forensics,216,6.22
Ifaqyny Ibikiwave,Teapotting,220,6.87
Inyby Ani,Forensics,206,7.41
Uke Usakexir,Pentest,247,6.22
Unalecyny Exarenahu,Reverse,231,6.58
Imunewe Etipe,Pwn,213,7.92
Ozaty Ezesikyga,Reverse,234,9.02
Ogola Oratunuso,Teapotting,258,9.05
Aguhyhesik Efotebaze,Teapotting,206,4.66
Oqori Erorus,Teapotting,238,8.79
Owogem Udyf,Cybersec,234,4.38
Obi Abi,Teapotting,259,8.21
Egit Evujugixu,Cybersec,220,6.89
Ohydaqaqe Ewy,Cybersec,250,5.89
Avanibi Omuwe,Cybersec,246,7.48
Ixazixasa Ape,Cybersec,228,5.85
Azakojor Odykonix,Cybersec,245,6.79
Agimotuxeh Ysytigum,Pwn,221,8.17
Afoti Eheru,Pwn,235,9.32
Ucahyre Otypika,Pentest,219,6.32
Abyvodyra Ukiqupir,Pentest,252,5.59
Arilyr Iwizufi,Pwn,205,4.1
Egekogy Arihylomu,Pwn,233,6.96
Ejomyje Isu,Pwn,228,5.01
Upufiv Oseqicysar,Reverse,232,8.03
Oxopujuqis Eqetuvexy,Pwn,213,8.08
Upavaty Atemylecu,Reverse,212,5.99
Imoge Udidu,Reverse,239,7.54
Alezyky Yka,Reverse,229,4.41
Ucy Uzoxiryl,Cybersec,210,8.05
Ejirucihi Usyquji,Pentest,247,7.01
Utumem Agecenor,Teapotting,207,5.81
Axilo Ibahepovi,Reverse,207,9.31
Alu Efomizesat,Pentest,231,5.48
Ajunor Ekuhupunu,Pwn,245,4.35
Yzaquwuzem Unyhu,Reverse,220,5.99
Oganypaly Afapy,Pwn,248,4.84
Emo Imotenym,Pwn,219,6.59
Ywyqovezo Okokyronyg,Pentest,209,6.27
Yjeso Ihozo,Pwn,248,7.8
Osaqinome Iwulaho,Reverse,242,7.24
Ofosyc Utebab,Cybersec,214,8.61
Ybydyqywyp Obo,Cybersec,215,5.11
Iroqejo Yxyp,Reverse,241,8.18
Ixajyjozu Yxar,Cybersec,226,4.03
Ery Ycyqudes,Reverse,223,5.77
Opatuw Ecegy,Cybersec,235,8.06
Itowydahu Yhyvem,Reverse,213,8.61
Abasu Umur,Cybersec,244,7.38
